Variable,Coefficient
totalFinancialContributors,-0.004562975670013492
age,0.10802135831754087
members,0.005197616984659752
updates,0.02288483881947075
type_公益型,-0.29282945051142645
type_技术型,0.25056946146235004
type_教育型,-0.2779152670409158
country_DE,0.11583898603689652
country_FR,-0.06679663930945796
country_GB,0.052066407083208685
country_Other,-0.11422401912677795
country_US,0.25850602395783673
country_Unknown,-0.5655660147317138
